Title,prediction
Waiting to Exhale (1995),4.402051386809718
Grumpier Old Men (1995),4.3965653347667315
Father of the Bride Part II (1995),4.364341325765423
GoldenEye (1995),4.342250185783169
Heat (1995),4.32052888156949
"American President, The (1995)",4.27577555935151
Sabrina (1995),4.257852171319351
Sudden Death (1995),4.186880264676977
Tom and Huck (1995),4.164332289096997
Jumanji (1995),4.050595660109376
