column_name,count,min,max,mean,std
Global_active_power,2075259,0.076,11.122,1.0916150365003583,1.050655480570777
Global_reactive_power,2075259,0.0,1.39,0.12371447630390232,0.1120142056522908
Voltage,2075259,223.2,254.15,240.83985797454525,3.2196430156725575
Global_intensity,2075259,0.2,48.4,4.627759310589188,4.4164901878783365
