UserID,similarity
2,0.032664554716714554
4,0.016358909509472705
5,-0.016773884202639113
3,-0.0322674730465329
